﻿<?xml version="1.0" encoding="utf-8" ?>
<HoldemTable Type="FullRing" ClientWidth="792" ClientHeight="546">
	<BoardCards>
		<Card SequenceIndex="0">
			<RecognitionWindows>
				<Rank X="271" Y="157" Width="11" Height="14" />
				<Suit X="270" Y="172" Width="13" Height="14" />
			</RecognitionWindows>
		</Card>
		<Card SequenceIndex="1">
			<RecognitionWindows>
				<Rank X="325" Y="157" Width="11" Height="14" />
				<Suit X="324" Y="172" Width="13" Height="14" />
			</RecognitionWindows>
		</Card>
		<Card SequenceIndex="2">
			<RecognitionWindows>
				<Rank X="379" Y="157" Width="11" Height="14" />
				<Suit X="378" Y="172" Width="13" Height="14" />
			</RecognitionWindows>
		</Card>
		<Card SequenceIndex="3">
			<RecognitionWindows>
				<Rank X="433" Y="157" Width="11" Height="14" />
				<Suit X="432" Y="172" Width="13" Height="14" />
			</RecognitionWindows>
		</Card>
		<Card SequenceIndex="4">
			<RecognitionWindows>
				<Rank X="487" Y="157" Width="11" Height="14" />
				<Suit X="486" Y="172" Width="13" Height="14" />
			</RecognitionWindows>
		</Card>
	</BoardCards>

	<PlayerPlaces>
		<PlayerPlace SequenceIndex="0">
			<HoleCards>
				<Card SequenceIndex="0">
					<RecognitionWindows>
						<Rank X="501" Y="18" Width="11" Height="14" />
						<Suit X="500" Y="33" Width="13" Height="14" />
					</RecognitionWindows>
				</Card>
				<Card SequenceIndex="1">
					<RecognitionWindows>
						<Rank X="516" Y="22" Width="11" Height="14" />
						<Suit X="515" Y="37" Width="13" Height="14" />
					</RecognitionWindows>
				</Card>
			</HoleCards>
			<RecognitionWindows>
				<DealerButton X="512" Y="87" Width="22" Height="20" />
				<HoleCardsIndicator X="536" Y="110" Width="25" Height="7" />
				<SeatOpen X="498" Y="32" Width="44" Height="28" />
				<Decision X="497" Y="37" Width="47" Height="19" />
				<NickName X="560" Y="34" Width="91" Height="15" />
				<StackSize X="560" Y="50" Width="91" Height="15" />
				<AllInIndicator X="588" Y="51" Width="34" Height="12" />
				<BetSize X="413" Y="133" Width="100" Height="14" />
			</RecognitionWindows>
		</PlayerPlace>

		<PlayerPlace SequenceIndex="1">
			<HoleCards>
				<Card SequenceIndex="0">
					<RecognitionWindows>
						<Rank X="638" Y="75" Width="11" Height="14" />
						<Suit X="637" Y="90" Width="13" Height="14" />
					</RecognitionWindows>
				</Card>
				<Card SequenceIndex="1">
					<RecognitionWindows>
						<Rank X="653" Y="79" Width="11" Height="14" />
						<Suit X="652" Y="94" Width="13" Height="14" />
					</RecognitionWindows>
				</Card>
			</HoleCards>
			<RecognitionWindows>
				<DealerButton X="652" Y="145" Width="22" Height="20" />
				<HoleCardsIndicator X="598" Y="138" Width="25" Height="7" />
				<HoleCardsIndicator2 X="601" Y="115" Width="19" Height="6" />
				<HoleCardsIndicator3 X="598" Y="115" Width="6" Height="29" />
				<HoleCardsIndicator4 X="619" Y="117" Width="4" Height="28" />
				<SeatOpen X="636" Y="92" Width="45" Height="29" />
				<Decision X="629" Y="96" Width="60" Height="20" />
				<NickName X="698" Y="89" Width="91" Height="15" />
				<StackSize X="698" Y="105" Width="91" Height="15" />
				<AllInIndicator X="726" Y="106" Width="34" Height="12" />
				<BetSize X="500" Y="168" Width="100" Height="14" />
			</RecognitionWindows>
		</PlayerPlace>

		<PlayerPlace SequenceIndex="2">
			<HoleCards>
				<Card SequenceIndex="0">
					<RecognitionWindows>
						<Rank X="711" Y="206" Width="11" Height="14" />
						<Suit X="710" Y="221" Width="13" Height="14" />
					</RecognitionWindows>
				</Card>
				<Card SequenceIndex="1">
					<RecognitionWindows>
						<Rank X="726" Y="210" Width="11" Height="14" />
						<Suit X="725" Y="225" Width="13" Height="14" />
					</RecognitionWindows>
				</Card>
			</HoleCards>
			<RecognitionWindows>
				<DealerButton X="667" Y="240" Width="22" Height="20" />
				<HoleCardsIndicator X="672" Y="228" Width="25" Height="7" />
				<SeatOpen X="715" Y="220" Width="45" Height="29" />
				<Decision X="708" Y="223" Width="60" Height="23" />
				<NickName X="691" Y="274" Width="91" Height="15" />
				<StackSize X="691" Y="290" Width="91" Height="15" />
				<AllInIndicator X="719" Y="291" Width="34" Height="12" />
				<BetSize X="539" Y="228" Width="100" Height="14" />
			</RecognitionWindows>
		</PlayerPlace>

		<PlayerPlace SequenceIndex="3">
			<HoleCards>
				<Card SequenceIndex="0">
					<RecognitionWindows>
						<Rank X="579" Y="319" Width="11" Height="14" />
						<Suit X="578" Y="334" Width="13" Height="14" />
					</RecognitionWindows>
				</Card>
				<Card SequenceIndex="1">
					<RecognitionWindows>
						<Rank X="594" Y="323" Width="11" Height="14" />
						<Suit X="593" Y="338" Width="13" Height="14" />
					</RecognitionWindows>
				</Card>
			</HoleCards>
			<RecognitionWindows>
				<DealerButton X="550" Y="316" Width="22" Height="20" />
				<HoleCardsIndicator X="588" Y="301" Width="25" Height="7" />
				<SeatOpen X="593" Y="336" Width="45" Height="29" />
				<Decision X="586" Y="339" Width="60" Height="24" />
				<NickName X="484" Y="337" Width="91" Height="15" />
				<StackSize X="484" Y="353" Width="91" Height="15" />
				<AllInIndicator X="512" Y="354" Width="34" Height="12" />
				<BetSize X="440" Y="294" Width="100" Height="14" />
			</RecognitionWindows>
		</PlayerPlace>

		<PlayerPlace SequenceIndex="4">
			<HoleCards>
				<Card SequenceIndex="0">
					<RecognitionWindows>
						<Rank X="371" Y="343" Width="11" Height="14" />
						<Suit X="370" Y="358" Width="13" Height="14" />
					</RecognitionWindows>
				</Card>
				<Card SequenceIndex="1">
					<RecognitionWindows>
						<Rank X="386" Y="347" Width="11" Height="14" />
						<Suit X="385" Y="362" Width="13" Height="14" />
					</RecognitionWindows>
				</Card>
			</HoleCards>
			<RecognitionWindows>
				<DealerButton X="381" Y="315" Width="22" Height="20" />
				<HoleCardsIndicator X="419" Y="336" Width="25" Height="7" />
				<SeatOpen X="374" Y="363" Width="44" Height="28" />
				<Decision X="372" Y="368" Width="47" Height="19" />
				<NickName X="351" Y="414" Width="91" Height="15" />
				<StackSize X="351" Y="430" Width="91" Height="15" />
				<AllInIndicator X="379" Y="431" Width="34" Height="12" />
				<BetSize X="371" Y="293" Width="100" Height="14" />
			</RecognitionWindows>
		</PlayerPlace>

		<PlayerPlace SequenceIndex="5">
			<HoleCards>
				<Card SequenceIndex="0">
					<RecognitionWindows>
						<Rank X="167" Y="319" Width="11" Height="14" />
						<Suit X="166" Y="334" Width="13" Height="14" />
					</RecognitionWindows>
				</Card>
				<Card SequenceIndex="1">
					<RecognitionWindows>
						<Rank X="182" Y="323" Width="11" Height="14" />
						<Suit X="181" Y="338" Width="13" Height="14" />
					</RecognitionWindows>
				</Card>
			</HoleCards>
			<RecognitionWindows>
				<DealerButton X="233" Y="316" Width="22" Height="20" />
				<HoleCardsIndicator X="172" Y="300" Width="25" Height="7" />
				<SeatOpen X="161" Y="334" Width="45" Height="29" />
				<Decision X="153" Y="336" Width="63" Height="24" />
				<NickName X="225" Y="337" Width="91" Height="15" />
				<StackSize X="225" Y="353" Width="91" Height="15" />
				<AllInIndicator X="253" Y="354" Width="34" Height="12" />
				<BetSize X="241" Y="294" Width="100" Height="14" />
			</RecognitionWindows>
		</PlayerPlace>

		<PlayerPlace SequenceIndex="6">
			<HoleCards>
				<Card SequenceIndex="0">
					<RecognitionWindows>
						<Rank X="33" Y="206" Width="11" Height="14" />
						<Suit X="32" Y="221" Width="13" Height="14" />
					</RecognitionWindows>
				</Card>
				<Card SequenceIndex="1">
					<RecognitionWindows>
						<Rank X="48" Y="210" Width="11" Height="14" />
						<Suit X="47" Y="225" Width="13" Height="14" />
					</RecognitionWindows>
				</Card>
			</HoleCards>
			<RecognitionWindows>
				<DealerButton X="107" Y="242" Width="22" Height="20" />
				<HoleCardsIndicator X="102" Y="227" Width="25" Height="7" />
				<SeatOpen X="36" Y="221" Width="43" Height="27" />
				<Decision X="29" Y="224" Width="59" Height="23" />
				<NickName X="13" Y="275" Width="91" Height="15" />
				<StackSize X="13" Y="291" Width="91" Height="15" />
				<AllInIndicator X="41" Y="292" Width="34" Height="12" />
				<BetSize X="155" Y="227" Width="100" Height="14" />
			</RecognitionWindows>
		</PlayerPlace>

		<PlayerPlace SequenceIndex="7">
			<HoleCards>
				<Card SequenceIndex="0">
					<RecognitionWindows>
						<Rank X="97" Y="75" Width="11" Height="14" />
						<Suit X="96" Y="90" Width="13" Height="14" />
					</RecognitionWindows>
				</Card>
				<Card SequenceIndex="1">
					<RecognitionWindows>
						<Rank X="112" Y="79" Width="11" Height="14" />
						<Suit X="111" Y="94" Width="13" Height="14" />
					</RecognitionWindows>
				</Card>
			</HoleCards>
			<RecognitionWindows>
				<DealerButton X="127" Y="145" Width="22" Height="20" />
				<HoleCardsIndicator X="177" Y="136" Width="25" Height="7" />
				<HoleCardsIndicator2 X="180" Y="113" Width="19" Height="6" />
				<HoleCardsIndicator3 X="177" Y="113" Width="6" Height="29" />
				<HoleCardsIndicator4 X="198" Y="115" Width="4" Height="28" />
				<SeatOpen X="117" Y="91" Width="45" Height="29" />
				<Decision X="110" Y="97" Width="60" Height="20" />
				<NickName X="9" Y="89" Width="91" Height="15" />
				<StackSize X="9" Y="105" Width="91" Height="15" />
				<AllInIndicator X="37" Y="106" Width="34" Height="12" />
				<BetSize X="179" Y="161" Width="100" Height="14" />
			</RecognitionWindows>
		</PlayerPlace>

		<PlayerPlace SequenceIndex="8">
			<HoleCards>
				<Card SequenceIndex="0">
					<RecognitionWindows>
						<Rank X="243" Y="18" Width="11" Height="14" />
						<Suit X="242" Y="33" Width="13" Height="14" />
					</RecognitionWindows>
				</Card>
				<Card SequenceIndex="1">
					<RecognitionWindows>
						<Rank X="258" Y="22" Width="11" Height="14" />
						<Suit X="257" Y="37" Width="13" Height="14" />
					</RecognitionWindows>
				</Card>
			</HoleCards>
			<RecognitionWindows>
				<DealerButton X="271" Y="88" Width="22" Height="20" />
				<HoleCardsIndicator X="239" Y="110" Width="25" Height="7" />
				<HoleCardsIndicator2 X="242" Y="87" Width="19" Height="6" />
				<HoleCardsIndicator3 X="239" Y="87" Width="6" Height="29" />
				<HoleCardsIndicator4 X="260" Y="89" Width="4" Height="28" />
				<SeatOpen X="261" Y="31" Width="44" Height="28" />
				<Decision X="260" Y="37" Width="47" Height="19" />
				<NickName X="151" Y="33" Width="91" Height="15" />
				<StackSize X="151" Y="49" Width="91" Height="15" />
				<AllInIndicator X="179" Y="50" Width="34" Height="12" />
				<BetSize X="276" Y="132" Width="100" Height="14" />
			</RecognitionWindows>
		</PlayerPlace>
	</PlayerPlaces>

	<RecognitionWindows>
		<PotSize X="343" Y="11" Width="110" Height="18" />
		<FoldButton X="443" Y="505" Width="26" Height="18" />
		<CheckButton X="595" Y="505" Width="30" Height="18" />
		<CallButton X="591" Y="496" Width="23" Height="18" />
		<BetButton X="711" Y="496" Width="25" Height="18" />
		<RaiseButton X="690" Y="496" Width="26" Height="18" />
		<FoldToAnyBetDecisionCheckBox X="6" Y="362" Width="14" Height="14" />
		<CheckDecisionCheckBox X="537" Y="449" Width="14" Height="14" />
		<CheckFoldDecisionCheckBox X="410" Y="471" Width="14" Height="14" />
		<CheckCallAnyDecisionCheckBox X="537" Y="493" Width="14" Height="14" />
	</RecognitionWindows>
</HoldemTable>