﻿<?xml version="1.0" encoding="utf-8" ?>
<Settings>
	<Tables>
		<OcrAreas>
			<NickName ForegroundColors="#C0C0C0" SecondaryForegroundColors="#202020" CharSetBitmapBackgroundColor="Blue" />
			<PotSize ForegroundColors="Black" CharSetBitmapBackgroundColor="Blue" NumberDecimalSeparator="." NumberGroupSeparator="," />
			<StackSize ForegroundColors="#C0C0C0" SecondaryForegroundColors="#202020" CharSetBitmapBackgroundColor="Blue" NumberDecimalSeparator="." NumberGroupSeparator="," />
			<BetSize ForegroundColors="#FFF6CF" CharSetBitmapBackgroundColor="Blue" NumberDecimalSeparator="." NumberGroupSeparator="," />
		</OcrAreas>
	</Tables>
</Settings>