﻿<?xml version="1.0" encoding="utf-8" ?>
<HoldemTable Type="FullRing" ClientWidth="794" ClientHeight="546">
	<BoardCards>
		<Card SequenceIndex="0">
			<RecognitionWindows>
				<Rank X="265" Y="155" Width="14" Height="20" />
				<Suit X="264" Y="174" Width="15" Height="14" />
			</RecognitionWindows>
		</Card>
		<Card SequenceIndex="1">
			<RecognitionWindows>
				<Rank X="319" Y="155" Width="14" Height="20" />
				<Suit X="318" Y="174" Width="15" Height="14" />
			</RecognitionWindows>
		</Card>
		<Card SequenceIndex="2">
			<RecognitionWindows>
				<Rank X="373" Y="155" Width="14" Height="20" />
				<Suit X="372" Y="174" Width="15" Height="14" />
			</RecognitionWindows>
		</Card>
		<Card SequenceIndex="3">
			<RecognitionWindows>
				<Rank X="427" Y="155" Width="14" Height="20" />
				<Suit X="426" Y="174" Width="15" Height="14" />
			</RecognitionWindows>
		</Card>
		<Card SequenceIndex="4">
			<RecognitionWindows>
				<Rank X="481" Y="155" Width="14" Height="20" />
				<Suit X="480" Y="174" Width="15" Height="14" />
			</RecognitionWindows>
		</Card>
	</BoardCards>

	<PlayerPlaces>
		<PlayerPlace SequenceIndex="0">
			<HoleCards>
				<Card SequenceIndex="0">
					<RecognitionWindows>
						<Rank X="449" Y="3" Width="14" Height="20" />
						<Suit X="448" Y="22" Width="15" Height="14" />
					</RecognitionWindows>
				</Card>
				<Card SequenceIndex="1">
					<RecognitionWindows>
						<Rank X="499" Y="3" Width="14" Height="20" />
						<Suit X="498" Y="22" Width="15" Height="14" />
					</RecognitionWindows>
				</Card>
			</HoleCards>
			<RecognitionWindows>
				<DealerButton X="505" Y="94" Width="25" Height="25" />
				<HoleCardsIndicator X="482" Y="18" Width="9" Height="9" />
				<SeatOpen X="492" Y="39" Width="19" Height="12" />
				<Decision X="488" Y="57" Width="60" Height="15" />
				<NickName X="472" Y="50" Width="98" Height="13" />
				<StackSize X="472" Y="66" Width="90" Height="13" />
				<AllInIndicator X="473" Y="66" Width="35" Height="12" />
				<BetSize X="415" Y="122" Width="90" Height="15" />
			</RecognitionWindows>
		</PlayerPlace>

		<PlayerPlace SequenceIndex="1">
			<HoleCards>
				<Card SequenceIndex="0">
					<RecognitionWindows>
						<Rank X="663" Y="99" Width="14" Height="20" />
						<Suit X="662" Y="118" Width="15" Height="14" />
					</RecognitionWindows>
				</Card>
				<Card SequenceIndex="1">
					<RecognitionWindows>
						<Rank X="713" Y="99" Width="14" Height="20" />
						<Suit X="712" Y="118" Width="15" Height="14" />
					</RecognitionWindows>
				</Card>
			</HoleCards>
			<RecognitionWindows>
				<DealerButton X="601" Y="123" Width="25" Height="25" />
				<HoleCardsIndicator X="696" Y="114" Width="9" Height="9" />
				<SeatOpen X="719" Y="136" Width="19" Height="12" />
				<Decision X="701" Y="153" Width="60" Height="15" />
				<NickName X="686" Y="146" Width="98" Height="13" />
				<StackSize X="686" Y="162" Width="90" Height="13" />
				<AllInIndicator X="687" Y="162" Width="35" Height="12" />
				<BetSize X="541" Y="186" Width="90" Height="15" />
			</RecognitionWindows>
		</PlayerPlace>

		<PlayerPlace SequenceIndex="2">
			<HoleCards>
				<Card SequenceIndex="0">
					<RecognitionWindows>
						<Rank X="663" Y="208" Width="14" Height="20" />
						<Suit X="662" Y="227" Width="15" Height="14" />
					</RecognitionWindows>
				</Card>
				<Card SequenceIndex="1">
					<RecognitionWindows>
						<Rank X="713" Y="208" Width="14" Height="20" />
						<Suit X="712" Y="227" Width="15" Height="14" />
					</RecognitionWindows>
				</Card>
			</HoleCards>
			<RecognitionWindows>
				<DealerButton X="601" Y="269" Width="25" Height="25" />
				<HoleCardsIndicator X="696" Y="223" Width="9" Height="9" />
				<SeatOpen X="719" Y="256" Width="19" Height="12" />
				<Decision X="701" Y="262" Width="60" Height="15" />
				<NickName X="686" Y="255" Width="98" Height="13" />
				<StackSize X="686" Y="271" Width="90" Height="13" />
				<AllInIndicator X="687" Y="271" Width="35" Height="12" />
				<BetSize X="541" Y="252" Width="90" Height="15" />
			</RecognitionWindows>
		</PlayerPlace>

		<PlayerPlace SequenceIndex="3">
			<HoleCards>
				<Card SequenceIndex="0">
					<RecognitionWindows>
						<Rank X="519" Y="325" Width="14" Height="20" />
						<Suit X="518" Y="344" Width="15" Height="14" />
					</RecognitionWindows>
				</Card>
				<Card SequenceIndex="1">
					<RecognitionWindows>
						<Rank X="569" Y="325" Width="14" Height="20" />
						<Suit X="568" Y="344" Width="15" Height="14" />
					</RecognitionWindows>
				</Card>
			</HoleCards>
			<RecognitionWindows>
				<DealerButton X="489" Y="324" Width="25" Height="25" />
				<HoleCardsIndicator X="552" Y="340" Width="9" Height="9" />
				<SeatOpen X="565" Y="365" Width="19" Height="12" />
				<Decision X="557" Y="379" Width="60" Height="15" />
				<NickName X="542" Y="372" Width="98" Height="13" />
				<StackSize X="542" Y="388" Width="90" Height="13" />
				<AllInIndicator X="543" Y="388" Width="35" Height="12" />
				<BetSize X="485" Y="308" Width="90" Height="15" />
			</RecognitionWindows>
		</PlayerPlace>

		<PlayerPlace SequenceIndex="4">
			<HoleCards>
				<Card SequenceIndex="0">
					<RecognitionWindows>
						<Rank X="339" Y="325" Width="14" Height="20" />
						<Suit X="338" Y="344" Width="15" Height="14" />
					</RecognitionWindows>
				</Card>
				<Card SequenceIndex="1">
					<RecognitionWindows>
						<Rank X="389" Y="325" Width="14" Height="20" />
						<Suit X="388" Y="344" Width="15" Height="14" />
					</RecognitionWindows>
				</Card>
			</HoleCards>
			<RecognitionWindows>
				<DealerButton X="309" Y="324" Width="25" Height="25" />
				<HoleCardsIndicator X="372" Y="340" Width="9" Height="9" />
				<SeatOpen X="382" Y="365" Width="19" Height="12" />
				<Decision X="378" Y="379" Width="60" Height="15" />
				<NickName X="362" Y="372" Width="98" Height="13" />
				<StackSize X="362" Y="388" Width="90" Height="13" />
				<AllInIndicator X="363" Y="388" Width="35" Height="12" />
				<BetSize X="348" Y="308" Width="90" Height="15" />
			</RecognitionWindows>
		</PlayerPlace>

		<PlayerPlace SequenceIndex="5">
			<HoleCards>
				<Card SequenceIndex="0">
					<RecognitionWindows>
						<Rank X="159" Y="325" Width="14" Height="20" />
						<Suit X="158" Y="344" Width="15" Height="14" />
					</RecognitionWindows>
				</Card>
				<Card SequenceIndex="1">
					<RecognitionWindows>
						<Rank X="209" Y="325" Width="14" Height="20" />
						<Suit X="208" Y="344" Width="15" Height="14" />
					</RecognitionWindows>
				</Card>
			</HoleCards>
			<RecognitionWindows>
				<DealerButton X="261" Y="324" Width="25" Height="25" />
				<HoleCardsIndicator X="192" Y="340" Width="9" Height="9" />
				<SeatOpen X="205" Y="365" Width="19" Height="12" />
				<Decision X="197" Y="379" Width="60" Height="15" />
				<NickName X="182" Y="372" Width="98" Height="13" />
				<StackSize X="182" Y="388" Width="90" Height="13" />
				<AllInIndicator X="183" Y="388" Width="35" Height="12" />
				<BetSize X="200" Y="308" Width="90" Height="15" />
			</RecognitionWindows>
		</PlayerPlace>

		<PlayerPlace SequenceIndex="6">
			<HoleCards>
				<Card SequenceIndex="0">
					<RecognitionWindows>
						<Rank X="33" Y="208" Width="14" Height="20" />
						<Suit X="32" Y="227" Width="15" Height="14" />
					</RecognitionWindows>
				</Card>
				<Card SequenceIndex="1">
					<RecognitionWindows>
						<Rank X="83" Y="208" Width="14" Height="20" />
						<Suit X="82" Y="227" Width="15" Height="14" />
					</RecognitionWindows>
				</Card>
			</HoleCards>
			<RecognitionWindows>
				<DealerButton X="167" Y="269" Width="25" Height="25" />
				<HoleCardsIndicator X="66" Y="223" Width="9" Height="9" />
				<SeatOpen X="57" Y="256" Width="19" Height="12" />
				<Decision X="71" Y="262" Width="60" Height="15" />
				<NickName X="56" Y="255" Width="98" Height="13" />
				<StackSize X="56" Y="271" Width="90" Height="13" />
				<AllInIndicator X="57" Y="271" Width="35" Height="12" />
				<BetSize X="161" Y="252" Width="90" Height="15" />
			</RecognitionWindows>
		</PlayerPlace>

		<PlayerPlace SequenceIndex="7">
			<HoleCards>
				<Card SequenceIndex="0">
					<RecognitionWindows>
						<Rank X="33" Y="99" Width="14" Height="20" />
						<Suit X="32" Y="118" Width="15" Height="14" />
					</RecognitionWindows>
				</Card>
				<Card SequenceIndex="1">
					<RecognitionWindows>
						<Rank X="83" Y="99" Width="14" Height="20" />
						<Suit X="82" Y="118" Width="15" Height="14" />
					</RecognitionWindows>
				</Card>
			</HoleCards>
			<RecognitionWindows>
				<DealerButton X="167" Y="123" Width="25" Height="25" />
				<HoleCardsIndicator X="66" Y="114" Width="9" Height="9" />
				<SeatOpen X="57" Y="136" Width="19" Height="12" />
				<Decision X="71" Y="153" Width="60" Height="15" />
				<NickName X="56" Y="146" Width="98" Height="13" />
				<StackSize X="56" Y="162" Width="90" Height="13" />
				<AllInIndicator X="57" Y="162" Width="35" Height="12" />
				<BetSize X="161" Y="186" Width="90" Height="15" />
			</RecognitionWindows>
		</PlayerPlace>

		<PlayerPlace SequenceIndex="8">
			<HoleCards>
				<Card SequenceIndex="0">
					<RecognitionWindows>
						<Rank X="229" Y="3" Width="14" Height="20" />
						<Suit X="228" Y="22" Width="15" Height="14" />
					</RecognitionWindows>
				</Card>
				<Card SequenceIndex="1">
					<RecognitionWindows>
						<Rank X="279" Y="3" Width="14" Height="20" />
						<Suit X="278" Y="22" Width="15" Height="14" />
					</RecognitionWindows>
				</Card>
			</HoleCards>
			<RecognitionWindows>
				<DealerButton X="246" Y="94" Width="25" Height="25" />
				<HoleCardsIndicator X="262" Y="18" Width="9" Height="9" />
				<SeatOpen X="275" Y="39" Width="19" Height="12" />
				<Decision X="268" Y="57" Width="60" Height="15" />
				<NickName X="252" Y="50" Width="98" Height="13" />
				<StackSize X="252" Y="66" Width="90" Height="13" />
				<AllInIndicator X="253" Y="66" Width="35" Height="12" />
				<BetSize X="271" Y="122" Width="90" Height="15" />
			</RecognitionWindows>
		</PlayerPlace>
	</PlayerPlaces>

	<RecognitionWindows>
		<PotSize X="334" Y="138" Width="125" Height="15" />
		<FoldButton X="387" Y="446" Width="18" Height="10" />
		<CheckButton X="553" Y="446" Width="26" Height="10" />
		<CallButton X="510" Y="446" Width="50" Height="10" />
		<BetButton X="660" Y="446" Width="50" Height="10" />
		<RaiseButton X="650" Y="446" Width="50" Height="10" />
	</RecognitionWindows>
</HoldemTable>