﻿<?xml version="1.0" encoding="utf-8" ?>
<HoldemTable Type="SixHanded" ClientWidth="794" ClientHeight="546">
	<BoardCards>
		<Card SequenceIndex="0">
			<RecognitionWindows>
				<Rank X="265" Y="155" Width="14" Height="20" />
				<Suit X="264" Y="174" Width="15" Height="14" />
			</RecognitionWindows>
		</Card>
		<Card SequenceIndex="1">
			<RecognitionWindows>
				<Rank X="319" Y="155" Width="14" Height="20" />
				<Suit X="318" Y="174" Width="15" Height="14" />
			</RecognitionWindows>
		</Card>
		<Card SequenceIndex="2">
			<RecognitionWindows>
				<Rank X="373" Y="155" Width="14" Height="20" />
				<Suit X="372" Y="174" Width="15" Height="14" />
			</RecognitionWindows>
		</Card>
		<Card SequenceIndex="3">
			<RecognitionWindows>
				<Rank X="427" Y="155" Width="14" Height="20" />
				<Suit X="426" Y="174" Width="15" Height="14" />
			</RecognitionWindows>
		</Card>
		<Card SequenceIndex="4">
			<RecognitionWindows>
				<Rank X="481" Y="155" Width="14" Height="20" />
				<Suit X="480" Y="174" Width="15" Height="14" />
			</RecognitionWindows>
		</Card>
	</BoardCards>

	<PlayerPlaces>
		<PlayerPlace SequenceIndex="0">
			<HoleCards>
				<Card SequenceIndex="0">
					<RecognitionWindows>
						<Rank X="459" Y="3" Width="14" Height="20" />
						<Suit X="458" Y="22" Width="15" Height="14" />
					</RecognitionWindows>
				</Card>
				<Card SequenceIndex="1">
					<RecognitionWindows>
						<Rank X="509" Y="3" Width="14" Height="20" />
						<Suit X="508" Y="22" Width="15" Height="14" />
					</RecognitionWindows>
				</Card>
			</HoleCards>
			<RecognitionWindows>
				<DealerButton X="560" Y="94" Width="25" Height="25" />
				<HoleCardsIndicator X="492" Y="18" Width="9" Height="9" />
				<SeatOpen X="502" Y="39" Width="19" Height="12" />
				<Decision X="497" Y="57" Width="60" Height="15" />
				<NickName X="482" Y="50" Width="98" Height="13" />
				<StackSize X="482" Y="66" Width="90" Height="13" />
			</RecognitionWindows>
		</PlayerPlace>

		<PlayerPlace SequenceIndex="1">
			<HoleCards>
				<Card SequenceIndex="0">
					<RecognitionWindows>
						<Rank X="663" Y="149" Width="14" Height="20" />
						<Suit X="662" Y="168" Width="15" Height="14" />
					</RecognitionWindows>
				</Card>
				<Card SequenceIndex="1">
					<RecognitionWindows>
						<Rank X="713" Y="149" Width="14" Height="20" />
						<Suit X="712" Y="168" Width="15" Height="14" />
					</RecognitionWindows>
				</Card>
			</HoleCards>
			<RecognitionWindows>
				<DealerButton X="601" Y="159" Width="25" Height="25" />
				<HoleCardsIndicator X="696" Y="164" Width="9" Height="9" />
				<SeatOpen X="719" Y="194" Width="19" Height="12" />
				<Decision X="701" Y="203" Width="60" Height="15" />
				<NickName X="686" Y="196" Width="98" Height="13" />
				<StackSize X="686" Y="212" Width="90" Height="13" />
			</RecognitionWindows>
		</PlayerPlace>

		<PlayerPlace SequenceIndex="2">
			<HoleCards>
				<Card SequenceIndex="0">
					<RecognitionWindows>
						<Rank X="459" Y="325" Width="14" Height="20" />
						<Suit X="458" Y="344" Width="15" Height="14" />
					</RecognitionWindows>
				</Card>
				<Card SequenceIndex="1">
					<RecognitionWindows>
						<Rank X="509" Y="325" Width="14" Height="20" />
						<Suit X="508" Y="344" Width="15" Height="14" />
					</RecognitionWindows>
				</Card>
			</HoleCards>
			<RecognitionWindows>
				<DealerButton X="560" Y="295" Width="25" Height="25" />
				<HoleCardsIndicator X="492" Y="340" Width="9" Height="9" />
				<SeatOpen X="502" Y="365" Width="19" Height="12" />
				<Decision X="497" Y="379" Width="60" Height="15" />
				<NickName X="482" Y="372" Width="98" Height="13" />
				<StackSize X="482" Y="388" Width="90" Height="13" />
			</RecognitionWindows>
		</PlayerPlace>

		<PlayerPlace SequenceIndex="3">
			<HoleCards>
				<Card SequenceIndex="0">
					<RecognitionWindows>
						<Rank X="219" Y="325" Width="14" Height="20" />
						<Suit X="218" Y="344" Width="15" Height="14" />
					</RecognitionWindows>
				</Card>
				<Card SequenceIndex="1">
					<RecognitionWindows>
						<Rank X="269" Y="325" Width="14" Height="20" />
						<Suit X="268" Y="344" Width="15" Height="14" />
					</RecognitionWindows>
				</Card>
			</HoleCards>
			<RecognitionWindows>
				<DealerButton X="319" Y="295" Width="25" Height="25" />
				<HoleCardsIndicator X="252" Y="340" Width="9" Height="9" />
				<SeatOpen X="263" Y="365" Width="19" Height="12" />
				<Decision X="257" Y="379" Width="60" Height="15" />
				<NickName X="242" Y="372" Width="98" Height="13" />
				<StackSize X="242" Y="388" Width="90" Height="13" />
			</RecognitionWindows>
		</PlayerPlace>

		<PlayerPlace SequenceIndex="4">
			<HoleCards>
				<Card SequenceIndex="0">
					<RecognitionWindows>
						<Rank X="33" Y="149" Width="14" Height="20" />
						<Suit X="32" Y="168" Width="15" Height="14" />
					</RecognitionWindows>
				</Card>
				<Card SequenceIndex="1">
					<RecognitionWindows>
						<Rank X="83" Y="149" Width="14" Height="20" />
						<Suit X="82" Y="168" Width="15" Height="14" />
					</RecognitionWindows>
				</Card>
			</HoleCards>
			<RecognitionWindows>
				<DealerButton X="167" Y="159" Width="25" Height="25" />
				<HoleCardsIndicator X="66" Y="164" Width="9" Height="9" />
				<SeatOpen X="57" Y="194" Width="19" Height="12" />
				<Decision X="71" Y="203" Width="60" Height="15" />
				<NickName X="56" Y="196" Width="98" Height="13" />
				<StackSize X="56" Y="212" Width="90" Height="13" />
			</RecognitionWindows>
		</PlayerPlace>

		<PlayerPlace SequenceIndex="5">
			<HoleCards>
				<Card SequenceIndex="0">
					<RecognitionWindows>
						<Rank X="219" Y="3" Width="14" Height="20" />
						<Suit X="218" Y="22" Width="15" Height="14" />
					</RecognitionWindows>
				</Card>
				<Card SequenceIndex="1">
					<RecognitionWindows>
						<Rank X="269" Y="3" Width="14" Height="20" />
						<Suit X="268" Y="22" Width="15" Height="14" />
					</RecognitionWindows>
				</Card>
			</HoleCards>
			<RecognitionWindows>
				<DealerButton X="319" Y="94" Width="25" Height="25" />
				<HoleCardsIndicator X="252" Y="18" Width="9" Height="9" />
				<SeatOpen X="263" Y="39" Width="19" Height="12" />
				<Decision X="257" Y="57" Width="60" Height="15" />
				<NickName X="242" Y="50" Width="98" Height="13" />
				<StackSize X="242" Y="66" Width="90" Height="13" />
			</RecognitionWindows>
		</PlayerPlace>
	</PlayerPlaces>

	<RecognitionWindows>
		<PotSize X="334" Y="138" Width="125" Height="15" />
		<FoldButton X="387" Y="446" Width="18" Height="10" />
		<CheckButton X="553" Y="446" Width="26" Height="10" />
		<CallButton X="510" Y="446" Width="50" Height="10" />
		<BetButton X="660" Y="446" Width="50" Height="10" />
		<RaiseButton X="650" Y="446" Width="50" Height="10" />
	</RecognitionWindows>
</HoldemTable>