﻿<?xml version="1.0" encoding="utf-8" ?>
<Settings>
	<Tables>
		<CardRecognition ForegroundColors="Black:100;Red:100" />
		<OcrAreas>
			<NickName BackgroundColors="Black;#212121:20;#363636:20;  #0582D5:5;#2592DA:15;#3198DC:10;#3E9EDF:10;  #023B5F:5;#184D6F:5;#2B5B7A:15;#3C6885:10" CharSetBitmapBackgroundColor="Blue" />
			<PotSize BackgroundColors="Black;#2A2A2A:10" CharSetBitmapBackgroundColor="Blue" NumberDecimalSeparator="." NumberGroupSeparator="," />
			<StackSize BackgroundColors="Black;#010101;#030303;#060606;#0C0C0C;#141414;#1C1C1C;#232323;  #0582D5:5;  #023250:15" CharSetBitmapBackgroundColor="Blue" NumberDecimalSeparator="." NumberGroupSeparator="," />
			<BetSize BackgroundColors="Black;#1E1E1E:20" CharSetBitmapBackgroundColor="Blue" NumberDecimalSeparator="." NumberGroupSeparator="," />
		</OcrAreas>
	</Tables>
</Settings>